{"best_individual": [-0.8612118281916332, -0.8202462965276787, 0.20182401131817218, -0.3180828571288834, 0.8345361331553613, -0.18681892528105548, -0.7134370825947178, 0.42943766700407204], "best_score": 11.343646905377229}